time_ps,A:ARG111-B:5CM8,A:ARG111-B:DG9,A:ARG111-C:5CM33,A:LYS112-B:5CM8,A:SER113-B:5CM8,A:SER113-B:DG9,A:GLY114-B:DG9,A:ARG115-B:DG9,A:SER116-B:5CM8,A:SER116-B:DG9,A:ASP121-B:5CM8,A:ASP121-C:5CM33,A:TYR123-B:5CM8,A:ARG133-B:5CM8,A:ARG133-C:5CM33,A:ARG133-C:DG34,A:SER134-C:5CM33,A:VAL136-C:5CM33,A:THR158-C:DT31
0.25,3.1338471785399045,2.8705930265981503,4.414819683054322,2.853103307501736,2.852173785616748,3.7912503155422512,3.3222419306741404,3.5222446506677274,3.623657646463494,2.7780729797115553,3.595692857553094,4.8765863201212545,4.449763132028439,4.532769182295987,3.466943033450914,2.798445633101969,2.5597680499398754,3.6068550574938913,3.1302053443920856
0.5,3.596736373815636,2.6896297015617012,4.36571874584923,2.93772242654492,2.5480596794209647,3.966117899487135,3.050556151167788,3.0522262712961683,3.4711809700261194,2.545390345049797,2.9703369155077284,5.189094285674922,4.195387602258935,4.25471733185452,3.3026372107430464,2.801588424264998,2.572355161693505,4.027011620187093,3.3237782693261755
0.75,3.6401935978648097,2.910825729411986,3.9800649992275594,2.920497174199638,2.54957133920258,4.442623396465667,3.4510002711834367,3.057614725975668,3.295087004051011,2.6560694398080678,3.3061456233920956,5.107819187463265,4.5780030503844005,4.2497199047472005,3.4387500723281863,2.639359114337106,2.515434498199053,3.7354792374018206,3.2465045670237274
1.0,3.4379794827178536,2.861644316468807,3.7708113334133655,3.047050195284681,2.5933773157992186,4.395239158955314,3.123105292804295,3.321082710301533,3.1067837216959955,2.6571434779504806,3.4857106920019088,5.233510210746512,4.926915988697728,4.656502706544907,3.497858983912244,2.807082390100184,2.5923333410042413,3.2460918095669817,3.3049087396415318
1.25,3.651012277357676,2.7556109462380896,4.033669222463618,3.0829026196136198,2.658779090683011,4.139694626462013,3.155978588078048,3.240617989838577,3.4038511832659566,2.665051064637556,3.201779048866852,4.85853817810977,5.251751108284856,4.277416466635165,3.459870401944897,2.7719131456781674,2.699074424055435,3.888353711950582,3.487318223380187
1.5,3.4468110248242625,2.6974260152135905,4.104788157193377,3.0106645173757554,2.512305344366917,4.657327444552733,3.7880619432416767,3.254260167954325,3.3827369917063574,2.7779294103864767,3.193447911617056,4.9284685454385215,5.6882103308155445,4.350601203503808,3.4816830693283642,2.6025023288375455,2.7130234370619717,3.5141745632126127,3.4483941907094
1.75,3.6814162920748887,2.8332489763478046,3.947835074198821,2.788871733344357,2.472290917057332,4.204387827980085,3.370846242634724,2.958465288113384,3.329956903953616,2.5912362601370056,3.513545087870159,5.068691511880308,5.261460374365166,4.274679706198002,3.5187484224094265,2.5513310573485053,2.493472691006264,3.804115281983323,3.2804605625885515
2.0,3.4393869811937696,2.8790954048707347,3.9728189805817853,3.006043788507892,2.7218717636648533,4.39811239084978,3.36020957111591,2.762355261139933,3.0923422617935796,2.792954281541993,3.144821436051335,4.910201529663456,5.513638690179111,4.483782388502761,3.3654992491351874,2.9118588496820688,2.7347208257883295,3.2200318039947007,3.236665841237845
2.25,3.37580993066781,2.6994272729491144,4.19459064436976,2.7322724455445675,2.715771833274606,4.190716901099053,3.5417663133198425,3.2498776311291797,3.0929909807164306,2.7976069848381733,3.163747995557763,4.7779595748589285,5.4290066069254586,4.56562234904396,3.5000817172759624,2.982982664104459,2.795477063680242,3.6217558860668704,3.5748178399915536
2.5,3.2592791929422806,2.9039278966607953,4.008044206266084,2.895686381245534,2.649831032027391,4.553175980366084,3.3167613882473423,2.999684783651756,3.3676389633560215,2.7008331369764607,3.217608041794799,4.804696886742601,5.228061361654278,4.264526577754744,3.5679385630371456,2.6485631065822606,2.5559549267897874,4.018829827117115,3.1509665454106233
2.75,3.657514270435201,2.727104170878226,3.879523421444904,2.8328231209742345,2.6134447538567787,4.621578664198763,3.4326819510704265,2.7651072801771024,3.3384569813757783,2.460344379791625,3.1087780937155793,4.922365482444132,5.709309704103187,4.3005358595417205,3.4396807593441796,2.6900749638571346,2.493893246469459,3.6088384886874674,3.2238828574753593
3.0,3.5506906908842226,3.076589258886584,3.9578531630366167,3.0681893904835555,2.505710718142485,4.160026014320633,3.788682683525569,3.0201674888610808,3.1675236297210208,2.663642244277261,3.3667478822301637,4.815623039905777,5.501535182809353,4.230060373150939,3.504426933599434,2.805301241280569,2.5818797687463757,4.0762374961029995,3.2881157796306644
3.25,3.605730334837167,2.763078446117332,3.691084481677482,2.9467643776272947,2.7324732773049356,3.6657906955189556,3.372851580372851,2.884788734464578,3.2102527397715868,2.7658461207750262,3.465444840230431,4.912220004657076,4.971226916165503,4.135951575464647,3.6945519950297294,2.8017522838391264,2.567800795960559,4.05039516414394,3.327026271559823
3.5,3.402484853292788,2.94243260438549,3.8178646986175444,2.653314946688987,2.6357153559566036,4.303267552007657,3.7518812672067114,2.9152891096193527,3.1644755218484963,2.680206669198094,3.1802518310650925,4.943823997205473,5.099754163016472,5.0287279993802585,3.678831453139022,2.597191483916972,2.7500938455018304,3.4732972688579284,3.534998047222339
3.75,3.3228015693338655,2.833303476095344,4.316588126473272,2.7033681977189734,2.7195229633743683,4.6596675338368785,3.4631918410587383,2.7885843175964613,3.2190968776424436,2.6957198276909304,3.484649585419529,4.686730064700154,5.0704948966257986,4.615314781227087,3.707305845089842,2.6273572150877618,2.7159519703027497,3.842760934899878,3.6616501957968968
4.0,3.335205433252779,2.828217160104193,4.433622638947915,2.772110279926899,2.640321361750558,4.39681753548083,3.2907891826772273,2.9238499252926693,3.4055694417616174,2.746306302618355,3.2579267637718927,4.907930549161971,5.258044596069794,4.337985797513167,3.5022960007150816,2.77286672493858,2.70610450406473,4.018284866968829,3.6007924475043804
4.25,3.6944974040767344,2.9511546579794983,4.066619378196116,2.839242094751849,2.7272873219547304,4.806837627547268,3.3282750883126346,3.123926401520707,3.1686912838765555,2.809697745687841,3.5739339922432554,4.531411553895944,4.584058206025913,4.375842172709653,3.8647902970962535,2.6314077739040633,2.628935672084034,3.5640141227967543,3.402955994893027
4.5,3.7662065572238053,2.925440867007757,3.9183444750687793,3.0403131188208965,2.6801852802768544,4.182033948362128,4.072778697821143,3.2154624936167115,3.3604454517275184,2.820390378837586,3.4650397197442895,4.68913765663733,4.8333551329733,4.853173609679936,3.5580908330149064,2.7450845574048546,2.7005721677019805,3.206135328476961,3.35767820520346
4.75,3.716799531988457,2.88222073448719,4.153373297739378,2.958949245874432,2.7676355664032943,4.293189872178208,3.8372544956285703,2.9719195975607713,3.1607255329726276,2.745430298035258,3.3413784558715895,4.801270548512902,5.795284174879642,4.547754835274286,3.6896873751077366,2.799800483137071,2.513384791420624,4.110632562895818,3.3086119013326276
5.0,3.4612334792544655,2.8832788600646513,3.979082975319205,2.844801999462129,2.6423869941975844,4.39621464944785,3.307537584618761,2.8085772839406395,3.545505856255269,2.7279505270011657,3.2193650220247596,4.8643200013911905,5.244555821263633,3.8089500001656016,3.55430893502907,2.5319754837808173,2.745270455245398,3.949353831301705,3.508291283967022
5.25,3.388761260079102,2.687265074217247,3.9656637006216093,2.94926746079796,2.709006192462884,3.9994108227755016,3.353891658174157,3.0683883049843326,3.384170532024463,2.8103046830386953,3.777142908476225,4.52677444112612,5.465556408756727,4.6012386472159825,3.534925989134636,2.6681064466209605,2.6183003609991786,4.050062394780904,3.4648254628019566
5.5,3.1277267956877846,2.7796591499026926,4.235197298573453,2.8709771048809727,2.8043026356162217,3.918593107501924,3.512393331517246,3.076020033704546,3.451233594083773,2.702332686788036,3.1826237556041006,4.655521436552828,4.990802160703234,4.569175846237416,3.451622869955812,2.692005845312167,2.5665160418170236,3.735141478366015,3.2989857847925674
5.75,3.5905168778605128,2.7876160224070476,4.3177561290700215,2.9648115101391177,2.7303690622471146,3.779691689248012,3.4218252230446895,2.998231841303269,3.375364379202696,2.565326713590885,3.108765009657963,4.623786959535282,5.304678833756556,4.751061622280506,3.394978849321008,2.585457123529545,2.6108604065301764,3.6855815984390525,3.2136749204221533
6.0,3.4700168453138374,2.8136477079925277,4.077390129251677,2.7919526806745365,2.6989831295287634,4.254855486952194,3.482254601984119,2.860438186583348,3.423770724706151,2.8522958934897256,3.3540123362681866,5.155132440740901,4.946925284385987,4.611322127802564,3.9808148762362463,2.73169929297434,2.8105514864888086,3.3625268245048203,3.3103773472452094
6.25,3.6088050589164125,2.8867634220375544,3.59694461864685,3.1523643547971982,2.5433247098705842,3.860220549614423,3.9282339032733518,3.1303363397544266,3.3201961303138723,2.749801155809175,3.5904980484569458,4.794922246057109,5.489671846182453,4.212812280508123,3.5095311230444195,2.6969075081334117,2.5616609251742473,3.8673109797219314,3.321280460010384
6.5,3.51146332584288,2.7753398652795798,4.402838251051764,2.782245771751239,2.5537047594938893,3.9834901548886013,3.47560195583298,2.9393013820885607,3.4975139974876455,2.660861383239534,3.3049061079453086,4.426082203401225,5.0652322849591025,4.294776913908482,3.3080193430345077,2.8070790063017332,2.5840660671849034,3.48226949242511,3.264965847240644
6.75,3.414765772462773,2.7570629890672826,4.2533987203696775,2.612126533937604,2.670770190878905,4.124910607681965,3.27013536365647,2.724884842705762,3.5611529407835882,2.669776087599396,3.3941880580260104,4.833185138790406,5.193851533891562,4.148736192313459,3.5343326496595813,2.73908673680454,2.5605098884168855,3.3873297188954976,3.2156032820878147
7.0,3.1694013151796896,2.9854449892885824,4.115652074865496,2.9617887412206954,2.5745294968488763,4.048877320462498,3.1103221517940667,2.7454311872960515,3.3963237971501257,2.882533189595538,3.166876105788677,5.085174968040869,5.594784027376879,4.2691143977540245,3.6864498670252113,2.7439056310661187,2.5341277622955976,3.407139844439106,3.2829408608472352
7.25,3.540919946223909,2.8315011184871146,3.924935633431441,2.9175312590392752,2.6290906858634573,4.434252586304782,3.1390136048996027,2.8860714942717545,3.6358651132115942,2.8657466151274806,3.1847933433013313,4.916888395287278,4.936264461091831,4.009100376348987,3.6196838742483437,2.722128182519233,2.5115693360534364,3.6037333661380964,3.54684445841447
7.5,3.1796540706754937,2.704162765367208,3.8607880976708193,2.8885109298498826,2.6386926141858926,4.820674779361622,3.03652554677996,2.7521813580838472,3.6597401748738094,2.580909770572897,3.459216772087113,4.943380315296659,4.819816205648813,3.999364294273552,3.4492580082547843,2.7178870689622805,2.616160305069726,3.520751448531409,3.524357439063266
7.75,3.156026837910884,3.1044147523477905,4.010012660208765,2.8987766332092986,2.4722681999542764,4.304197463531469,3.275927821462337,3.04811194468204,3.3329985466761443,2.841740917083681,3.064456741454604,5.248522469553213,4.918331949580215,3.9596624658266912,3.5287926011162214,2.726904790255132,2.6765678759358043,3.35065637472448,3.211062472859122
8.0,3.27053449269782,2.865308638055215,3.784825672890986,2.886207714937574,2.5435590466730122,3.583180456927129,3.2208228018434437,2.8262182933964675,3.3739024881100335,2.5645894887730343,3.4945826089953154,5.1913022357204195,4.965090780208217,3.772159055720946,3.688984676950915,2.605781572066018,2.546447138621547,3.553622318087908,3.577444280570612
8.25,3.3073271298957474,2.945147087428809,4.014906873562294,2.9053386717998766,2.8355959741844297,4.286142040105009,3.523460955180303,2.7561196620880333,3.2825304421312738,2.803086996547166,3.4738591969652743,5.6414433562783515,5.7225680576612055,4.0918222459691345,3.4178374135486562,2.635355453114446,2.4709902445581133,3.8133167322071797,3.4388776704882447
8.5,3.2634485762004193,2.7310258618887313,3.5921288433302103,2.730001945636389,2.4883958114843363,3.6531353234376494,3.365558966907742,2.9227722915671106,3.123714765981651,2.7277284649952804,3.49977053865638,5.22608655811372,5.8917416741951385,3.675297491165503,3.4789772626730797,2.8128646296873665,2.5438539130071263,3.77568512051489,3.5495496119250682
8.75,3.4229975095940492,2.762554099266851,3.3610094352544317,2.8639498462678246,2.60017486160458,4.135432798529453,3.320855834222082,2.893093725148543,3.158957557157376,2.734757324279277,3.8136854762318615,4.750264234722933,5.079627529216957,3.322017464828414,3.346353244722178,2.626652007602873,2.508166707365295,3.8533369981276033,3.4689202401396733
9.0,3.3602078682318406,2.8669493142296547,3.8748697948626543,3.1039663214098208,2.7933850268900966,3.946146598094541,3.508117008116248,2.905599147972278,3.1200143530108937,2.5619932559779097,3.905404705025838,5.004737484323725,5.568127702565799,3.758472008379649,3.6007502104766003,2.5657743490546165,2.715606704848452,3.6041072397164924,3.319838507532358
9.25,3.299664287717153,2.755106615612389,3.772547630177122,2.943367028338173,2.6615370985947364,3.8259495634370095,3.45129135864324,2.9207177816294116,3.222592663672729,2.9083513475396328,3.648244693447337,6.094507229594993,5.35055917545071,4.2030211810485065,3.4666122829377586,2.8047437875209336,2.616618521408658,3.605954851948968,3.0555696281652875
9.5,3.700782056486019,2.6555211839076476,3.9532038367594353,2.957213750355632,2.7662456114253064,4.257441015904996,3.384226837438434,2.9419189812927304,3.384935956657368,2.7736287676165605,3.447332932240063,5.955182274273371,5.469114701568032,3.9507234607151624,3.5703649390998975,2.7487827761582793,2.522717544959703,3.6149964674729222,3.3885390504413664
9.75,3.2133640770085625,2.806099824485386,3.4326387457116363,2.9431453773006315,2.6108450463569137,3.7256138142014694,3.6506720796325505,3.3208148785845695,3.556868521323655,2.597650667288665,3.4606512548309043,5.579549689224626,5.090481806288015,3.7418989038478103,3.5134855021991114,2.8755009196563885,2.6452386718855028,3.7488808600224677,3.258357237225536
10.0,3.4654455117076997,2.709630489145582,3.6056885471002653,2.8994124044831047,2.6553134544970187,3.537276275787153,3.76778525646482,3.2103736246460626,3.118491439958877,2.6549953551178205,3.4679249837083366,5.86798063984161,5.5426642322438555,3.4587435634003048,3.504867825051085,2.6613144258577814,2.833704593466994,3.343139198833412,3.349163945422271
10.25,3.4712230912394864,2.9940121400013937,3.9599104981004394,2.9903361230450405,2.584474832989765,3.710013410436451,3.2932063433714953,2.8601576824357307,3.749145797894378,2.8029236096854295,3.773646020862696,6.392557486408846,5.862944456256817,3.924601832318396,3.4652834170054634,2.7856964884111712,2.6337998502169255,3.945373866327576,3.2315456129155042
10.5,3.169067347661808,2.871236433529652,3.960141372856512,2.959357544542329,2.6389566671822866,3.4829446940018696,3.412595181548192,3.0686964827647327,3.2284520694750953,2.592548235571287,3.2553182180933953,5.685992945615597,5.832742962476223,4.3809139256258165,3.737741937980406,2.9592236212072573,2.5353505077732987,3.308925317286328,3.422749675954103
10.75,3.2797098692089786,2.799427887373042,4.002451478091606,2.892973906289725,2.6958326604076586,3.4399007632143648,3.464865250162759,3.140270267202385,3.203576070088541,2.6109194899300854,3.6542165281287375,5.66043485258373,5.797502820671998,3.9961096338579294,3.4824819969933745,2.677502614084901,2.7803068027400104,4.036460845724008,3.4174994994854138
11.0,3.1809583824815935,2.797336118806038,4.035778110737675,2.891365720130146,2.719210228985706,3.9461617101249624,3.772136629982506,2.889121370435382,3.5139153533975804,2.569769921600996,3.65782878115334,5.202951825607224,5.26122908588472,4.3012204447637,3.5788438918613887,2.703684401226377,2.6493228107569458,3.602774186936769,3.321352777295632
11.25,3.7333476203473848,2.698889711766632,4.104876841697147,2.9829490877346307,2.7622793333561466,3.603721772136127,3.514198569995465,3.456286908083327,3.156470253573292,2.6787100317864363,3.939405094681601,4.57266809654089,5.042312827393413,4.551374684685776,3.556474211855243,2.913297976958369,2.635603929834744,3.486488000536243,3.2304330404446295
11.5,3.4817540599878405,2.9110808923274485,4.015743851598789,2.9458778282907225,2.776775299489625,3.823215927234271,3.644749214326191,2.8896709463364476,3.3668385894493484,2.7042359378301883,3.7453334306481643,4.886530357705615,5.1592719873043045,4.220746879473101,3.4134567737125963,2.863460946784887,2.578799739476781,3.13129474661266,3.580180026595745
11.75,3.4210703266941866,2.6203438488116406,3.938441191457059,2.7027017551610326,2.5947858777224564,3.58933172737766,3.4660660770247644,3.062942316991868,3.3872447071261176,2.6309328741140767,3.5132039437067473,4.279639570443879,5.431351707077813,4.281382177477842,3.552208989124098,2.640040679967361,2.710292708578159,3.3135452047236567,3.4472307952403423
12.0,3.3391792248300813,2.6658978568326046,4.066967097416657,2.7670584854235516,2.6194270519430733,3.7964327594174687,3.5965106872553894,2.8854123407622443,3.205140278289385,2.586210927471891,3.469900091751331,5.1224327768858515,5.006655333837295,4.321818930968522,3.8960244402739135,2.7211958584475453,2.6375372352329127,3.2461812464735713,3.3072635866597326
12.25,3.349626844889019,2.806314461629133,4.454873735927446,2.931245147896815,2.611297928377337,3.8890260857041037,3.4345041459658687,2.723620335722209,3.2936455399748312,2.757264339447967,3.7811499502519865,4.822728952655949,5.02793410905925,4.430328831578015,3.4464665624042223,2.7507297061009925,2.5675660122094626,3.4789896452050963,3.1336088524752084
12.5,3.3656010668843197,2.747855941867078,4.28925312610355,2.845628581944065,2.7077834351359833,4.1236509912425126,3.2722780152088267,2.8549637282134794,3.6838304130964152,2.708378709558839,4.015931603842953,5.15555977151078,5.2531735972674545,4.491100717724213,3.4467378535446525,2.7527802973075373,2.6551261432238427,3.6871930333538385,3.1898866237509176
12.75,3.3224521639857767,2.74521172045837,4.2688387761879865,2.900375870126163,2.5529009969773884,4.148275577444793,3.4000599027862353,2.984861583984588,3.602279449215238,2.88461292546141,3.4676944669885628,5.062696194235738,5.422228370994359,4.389648634768827,3.3599578328006166,2.7728885201616666,2.68607490547651,3.397806933239924,3.164187809537346
13.0,3.3845825934176625,2.9625651168440874,4.534676188524394,2.7500393890351935,2.663738788525999,4.151446828843653,3.313334152971126,2.86241178445059,3.3771762510357313,2.6408511957032514,3.788472549918382,5.2889039540724045,5.179005303927987,4.232231074092786,3.412361793487727,2.796710704630338,2.511594006306951,3.672355898114452,3.3277316999126088
13.25,3.3485976250807226,2.9107208114319096,4.9007559735786055,2.9177570261842,2.7626976529373293,4.075033625552094,3.258312399352377,2.7533426052187555,3.192585703775646,2.6981464664195434,3.790052580860392,5.319506135836206,4.864102752842605,4.824456781197827,3.587212386136993,2.8723136168106636,2.7013690263834684,3.1973897330088077,3.1538236690358015
13.5,3.611325766886442,2.8311318054458923,4.550703894863049,3.1036924105976893,2.6555051770557028,3.9616550173744005,3.2449496324394036,2.852557990301793,3.2751372120807205,2.5808537027466603,3.6948612468945186,5.046067531672653,4.910864455191881,4.248138906693591,3.624830647899826,2.851770343456453,2.5880118019989427,3.6797277142514577,3.0933008324913347
13.75,3.5163331088088694,2.763491896195076,4.246066281104436,2.9615898672224925,2.725932110038177,4.450105713180603,3.221006510974336,2.647827795556292,3.06908934217827,2.7076573249573155,3.491773616152448,4.435694334089007,5.798217012942717,4.414442318421399,3.2694199232473915,2.7903041846059904,2.607274956654325,3.629026194283228,3.1819956720459226
14.0,3.3737059458529806,2.8235442162171283,4.488217934307129,2.953875335090458,2.6345948778338952,4.158100077252538,3.0851416804155205,2.7467408565905824,3.582862928260911,2.6734440984963674,3.4640138842922927,4.994244719291131,5.862902779675207,5.133390294902804,3.2985806814991494,2.8817512337729556,2.723765423168178,3.755915229287934,3.1011787565665188
14.25,3.1565505281230264,2.777590777736906,4.456736037618781,3.0226807015732415,2.5349745198018927,4.100352840779665,3.3546536403580736,2.939285804522814,3.3220031881210534,2.63262037474858,3.5298872733560565,4.805756723635749,5.9102421055509815,4.625893426494856,3.5980291825414517,2.891504488249872,2.6630805099992285,3.422805502766744,3.3374415680434115
14.5,3.134424459143813,2.7547037231872533,4.636271048112944,3.056437406384327,2.4663542834613583,3.7309653861994514,3.3086126046366733,2.91657623337177,3.466338112251597,2.668894899530873,3.4519843806059525,4.633843021124509,5.320461294209754,4.5664980252371326,4.142132671052066,2.7152532048495415,2.4513837377343224,3.4335974927110895,3.238551306688253
14.75,3.275863075277176,2.908489390503619,4.164263314153035,2.851402879736302,2.8238456795652045,4.291633403484357,3.5351651061709295,2.7037962666806252,3.224623239201009,2.660863619699006,3.3826049075691214,5.143984402884189,4.725994792547168,4.497155187344452,3.9679845330190457,2.7662782602639195,2.5644912125901986,3.5068640369357382,3.4272121356993788
15.0,3.180034811923527,2.971009526647858,4.253213053312299,2.780449453564552,2.5813736013620283,4.063519034040121,3.722966947866018,2.8931995724232933,3.374996096913222,2.6262343838437965,3.3640878537915175,4.700917183523812,4.644190030307084,4.617231161226463,3.4216059745494554,2.827370291656672,2.777136081922411,3.7301707460350415,3.28455515318695
15.25,3.3551449976599717,2.807100155384016,4.423821377961235,2.722574378927344,2.6915041561961113,4.14798745443988,3.634184315921869,2.9052354464437427,3.5569220929616856,2.8502978622335284,3.2328465619809807,4.555280967447415,5.051315243910799,4.706233351721429,3.572591549426453,2.8772417275091104,2.5963245017869836,3.138806000655024,3.3959691925289417
15.5,3.2152443154962222,2.7796024592643196,4.388948998956532,2.907835358085847,2.6204198131125045,4.282652176326863,3.2783706041818994,2.9494065699718406,3.169022221476448,2.67778003157914,3.2938732595259634,4.777423731955893,5.640265954964285,4.6568764341768825,3.499858375954018,2.860246046461596,2.602036055698526,3.6643416188336575,3.0696924245643893
15.75,3.259848564238866,2.9124043707518084,3.968009755030582,2.796585337654667,2.6539770272734375,4.348668686342534,3.4560842585389313,2.979011659516678,3.3397286580139833,2.6918788471827857,3.574982440612511,4.757732456480752,6.020432723198798,5.276912702141017,3.644667380898705,2.9222895192923435,2.628707233830771,3.6052453170052536,3.248395164170612
16.0,3.481850747124766,2.6183401432200775,4.04309151647979,2.7485436984273126,2.6018855145070248,4.397522176282767,3.5075642224920065,2.828392522849111,3.444009897606696,2.6398496261327558,3.4924018491131346,5.4241059970017735,5.456453342700415,4.873060611517541,3.3842417759489787,2.877238837222703,2.5038558527747665,3.3914892169793194,3.2584348963319907
16.25,3.4114688830779967,2.774510000047931,4.084131013479688,3.062773595680557,2.6920965120882947,4.212004506659266,3.2123671572046026,2.9765906212794113,3.105383530179309,2.807594670835161,3.2326582862964566,5.419466990202334,4.822378506554843,4.709120299845379,3.5861258911911595,2.944636580579572,2.61045927954256,3.6785053783909314,3.2987943076713586
16.5,3.7020136814785767,2.9147401498240595,4.547943360042687,3.103370428085904,2.812845517514137,3.5457717214777436,3.273409980867046,2.755304232379132,3.1941238419854363,2.696869662849548,3.9972116818961836,5.159507067889643,5.052339401600809,4.93685107638697,3.616075005252987,3.047162678727549,2.6201548092379228,3.642447129432831,3.5296738293970913
16.75,3.641098259207942,2.7545234752703873,4.131499913770066,2.9193453297899743,2.6776667587008496,3.829896828480355,3.598179763078503,2.728555554022573,3.3537140793797717,2.654540644851521,3.3406905742971706,4.957720776757886,4.546221047730851,5.107574107736462,3.464158559470385,2.991540017964597,2.5781785269073403,3.872016319179038,3.340822602811175
17.0,3.447966928047636,2.7782366883839718,4.046605587980349,2.7098517959462143,2.661902203288287,4.23727788742657,3.5749408216582608,2.9946943345544725,3.1200930591316873,2.6995014922922356,3.0213077331020584,5.090020931479054,4.9308028669640915,4.740940313949988,3.6094316951388508,2.9324753704170585,2.6728267676176976,3.227597073279021,3.4533927104776168
17.25,3.2830922953130792,2.839262399661064,4.085119112443841,3.0191539908262572,2.7276563003479732,3.798028283809471,3.2890288137572408,2.8930786767278875,3.2140491627972967,2.6712733035038236,3.421185379283596,4.90409072520826,4.78558247495958,4.556853427106675,3.5036663684276825,2.7759685963554737,2.6961834009667722,3.4181870376734875,3.317244406013306
17.5,3.2239575961535665,2.722152654178161,3.938160272176743,2.975430125199248,2.617423067174146,4.281799990691122,3.6271313848737856,3.056796985819169,3.6642713547397023,2.900018274710476,3.145998074035759,4.836454913505574,4.973149356321196,4.121959063853998,3.873563375640567,2.854979552082508,2.635562627904089,3.8178153180980363,3.1608405967724744
17.75,3.7113074922477294,2.6593426516032537,3.924040821061802,2.8500880097319836,2.6985386161503033,3.783040724969478,3.4136651106863707,3.0737941078236664,3.47162585291564,2.7270133461098087,3.53277485182501,4.722245356013823,5.073553001339009,4.328484587810682,3.6422387945174286,2.805170995496132,2.589015843233314,3.3934468946493954,3.2525821116569142
18.0,3.4746774265232907,2.9328990641990793,4.351654267154759,2.952304613334093,2.608773671707762,4.085338802786149,3.3868893602971926,3.0715169922397183,3.218319469274809,2.670615339490333,3.418316753716594,5.346979073097654,5.150275397781024,3.9265519381113765,3.7348897878378526,2.7756619880767395,2.9093119119123156,3.3300758376097934,3.3227372313730257
18.25,3.261791787170322,2.851192667048977,4.0834897002096175,2.890141417533695,2.619101855839168,3.5735845514023246,3.6659089551449235,3.269201180418735,3.377926780908575,2.626232582700156,3.2522760542589664,4.902592328421948,4.653528551053865,3.579469485480554,3.4401886759630336,2.9249949878100425,2.8503507779738557,3.5390822174543253,3.4672871889201393
18.5,3.364103029141982,2.728277755603154,3.9650219414254835,2.965450236471237,2.6412320036674513,3.4962423301191494,3.16020583001769,2.9685209214682686,3.415537422307522,2.616448709858449,3.0470001071080595,4.9674440245803,5.727066273779201,3.601959791588559,3.7730763070378504,2.579630118182947,2.4855992088691488,4.078100600083768,3.1779860850303954
18.75,3.2858163037144084,2.891277541953896,3.8650341404540187,3.0852689757485043,2.741698052719956,3.651739480009507,3.4681114292488147,2.932063959327725,3.2818589311293014,2.5828872496677966,3.401339294989529,5.3945623615939855,6.138844075197902,4.213563511835336,3.763950222421326,2.740697321464295,2.830299991842534,3.2657463938076208,3.254552989919814
19.0,3.31972651860623,2.973818479686538,4.0282738074974205,2.9962794892325806,2.6952532873963,3.73888920041832,3.5467332239535754,3.032853981737932,3.3331059008514266,2.4872099489366053,3.0673461696426094,5.10384013212026,5.695277371505385,4.024661061677418,3.477152432832399,2.764109296765972,2.5124679183815393,3.8104328224060198,3.239109726561537
19.25,3.54912673138368,2.9212643449272755,4.366612281131035,2.9563682262205813,2.653698149224105,3.9058674347824085,3.6438715954983536,3.212756551629417,3.325615700071739,2.7054959156730836,3.1042745984368323,4.558572132355689,5.584735919170526,4.292375134900259,3.755146889895702,2.942140011609151,2.572568255263295,3.2724435151835984,3.126884974957735
19.5,3.3972230238391377,2.659942413511305,3.61110590429841,2.8458746141290967,2.8357354670420643,3.3238710787850194,3.488569627813551,3.1260700492230993,3.3018331797364526,2.858706779204059,3.4279297593920104,5.048117128370795,6.304046389821973,4.0920045871370165,3.6823877516134216,2.700037038478593,2.606013835060748,3.8099475354365224,3.2879169054135944
19.75,3.1660401039120183,2.7826585673415796,3.943096767197489,2.8537333298431533,2.748109714101319,3.6617221457779547,3.2460598030546914,3.0839118697952235,3.0364624798411213,2.5942450328870943,3.273606881433572,4.514654000545179,5.816642294207119,4.660362602174596,3.4976119831046737,2.7128046670193657,2.632127885304259,3.3872273267425883,3.3807992060290846
20.0,3.3484029583108157,2.8240727362211353,4.073695052258054,3.4655158222912457,2.6490726976151016,3.574495737219422,3.4745080191800035,3.5110229040692307,3.531753879375319,2.5828305453726395,3.5791910073669713,4.7857486919622705,5.708674913037073,4.484324995639528,3.602406062665284,2.6938798785502716,2.534602238677634,3.5455978461954807,3.082042664251813
