protein_segid,protein_chain,protein_resnum,protein_icode,protein_resname,protein_label,protein_uniprot_resnum,dna_segid,dna_chain,dna_resnum,dna_icode,dna_resname,dna_label,dna_modification,protein_atom,dna_atom,distance_A,protein_moiety,dna_moiety,protein_note
A,A,111,,ARG,A:ARG111,111,B,B,8,,5CM,B:5CM8,5mC,NH2,C5A,3.5652534619469716,sidechain,base,
A,A,111,,ARG,A:ARG111,111,B,B,8,,5CM,B:5CM8,5mC,CZ,C5A,3.8493904327663033,sidechain,base,
A,A,111,,ARG,A:ARG111,111,B,B,8,,5CM,B:5CM8,5mC,NE,C5A,3.935150437998507,sidechain,base,
A,A,121,,ASP,A:ASP121,121,B,B,8,,5CM,B:5CM8,5mC,OD2,C5A,3.476459987310406,sidechain,base,
A,A,121,,ASP,A:ASP121,121,B,B,8,,5CM,B:5CM8,5mC,CG,C5A,3.7611861385546694,sidechain,base,
A,A,121,,ASP,A:ASP121,121,B,B,8,,5CM,B:5CM8,5mC,OD1,C5A,3.8504100901305103,sidechain,base,
A,A,123,,TYR,A:TYR123,123,B,B,8,,5CM,B:5CM8,5mC,OH,C5A,4.090601821526101,sidechain,base,
A,A,133,,ARG,A:ARG133,133,C,C,33,,5CM,C:5CM33,5mC,CB,C5A,3.4330940157243965,sidechain,base,
A,A,133,,ARG,A:ARG133,133,C,C,33,,5CM,C:5CM33,5mC,CZ,C5A,3.4893597206063443,sidechain,base,
A,A,133,,ARG,A:ARG133,133,C,C,33,,5CM,C:5CM33,5mC,NH2,C5A,3.6468645842958134,sidechain,base,
A,A,133,,ARG,A:ARG133,133,C,C,33,,5CM,C:5CM33,5mC,NE,C5A,3.6746022573163533,sidechain,base,
A,A,133,,ARG,A:ARG133,133,C,C,33,,5CM,C:5CM33,5mC,CG,C5A,3.728933584008138,sidechain,base,
A,A,133,,ARG,A:ARG133,133,C,C,33,,5CM,C:5CM33,5mC,NH1,C5A,3.8688909235854396,sidechain,base,
A,A,133,,ARG,A:ARG133,133,C,C,33,,5CM,C:5CM33,5mC,CD,C5A,4.1492282616821505,sidechain,base,
A,A,133,,ARG,A:ARG133,133,C,C,33,,5CM,C:5CM33,5mC,O,C5A,4.319154625485868,backbone,base,
