frame,time_ps,protein_segid,protein_chain,protein_resnum,protein_icode,protein_resname,protein_label,dna_segid,dna_chain,dna_resnum,dna_icode,dna_resname,dna_label,dna_modification,min_distance_A,protein_atom,dna_atom
0,,A,A,91,,ARG,A:ARG91,B,B,16,,DT,B:DT16,,6.987500365486177,N,OP1
0,,A,A,91,,ARG,A:ARG91,C,C,30,,DT,C:DT30,,6.669277228897019,O,OP1
0,,A,A,92,,GLY,A:GLY92,C,C,30,,DT,C:DT30,,7.782247342045434,CA,OP1
0,,A,A,93,,PRO,A:PRO93,C,C,30,,DT,C:DT30,,7.550675170534867,CG,OP1
0,,A,A,106,,ARG,A:ARG106,C,C,31,,DT,C:DT31,,7.499552431994839,NH2,OP2
0,,A,A,107,,LYS,A:LYS107,B,B,6,,DA,B:DA6,,6.884424918730659,NZ,OP1
0,,A,A,107,,LYS,A:LYS107,B,B,7,,DA,B:DA7,,6.318307712673725,CE,OP2
0,,A,A,108,,LEU,A:LEU108,B,B,7,,DA,B:DA7,,7.915869800079257,C,OP2
0,,A,A,109,,LYS,A:LYS109,B,B,6,,DA,B:DA6,,5.004206169182122,NZ,O3'
0,,A,A,109,,LYS,A:LYS109,B,B,7,,DA,B:DA7,,3.117909709652381,NZ,OP1
0,,A,A,109,,LYS,A:LYS109,B,B,8,,5CM,B:5CM8,5mC,6.535123880377614,O,OP2
0,,A,A,110,,GLN,A:GLN110,B,B,7,,DA,B:DA7,,6.196091111490897,O,C3'
0,,A,A,110,,GLN,A:GLN110,B,B,8,,5CM,B:5CM8,5mC,4.587182484310837,O,OP2
0,,A,A,111,,ARG,A:ARG111,B,B,7,,DA,B:DA7,,5.70159537564329,CG,C2'
0,,A,A,111,,ARG,A:ARG111,B,B,8,,5CM,B:5CM8,5mC,3.377896717684725,CA,OP2
0,,A,A,111,,ARG,A:ARG111,B,B,9,,DG,B:DG9,,2.5914476703462452,NH2,O6
0,,A,A,111,,ARG,A:ARG111,B,B,10,,DG,B:DG10,,4.0548082642602505,NH2,O6
0,,A,A,111,,ARG,A:ARG111,C,C,31,,DT,C:DT31,,6.2414016796269225,NH2,C7
0,,A,A,111,,ARG,A:ARG111,C,C,32,,DC,C:DC32,,3.6790818964494174,NH2,N4
0,,A,A,111,,ARG,A:ARG111,C,C,33,,5CM,C:5CM33,5mC,4.2606725269392856,NH2,N4
0,,A,A,111,,ARG,A:ARG111,C,C,34,,DG,C:DG34,,6.301092406348182,NH2,O6
0,,A,A,112,,LYS,A:LYS112,B,B,7,,DA,B:DA7,,4.911026991855415,CB,O3'
0,,A,A,112,,LYS,A:LYS112,B,B,8,,5CM,B:5CM8,5mC,2.83688449828349,N,OP2
0,,A,A,112,,LYS,A:LYS112,B,B,9,,DG,B:DG9,,7.914758879055555,C,OP2
0,,A,A,113,,SER,A:SER113,B,B,7,,DA,B:DA7,,4.884266852844675,OG,O3'
0,,A,A,113,,SER,A:SER113,B,B,8,,5CM,B:5CM8,5mC,2.629115420055867,OG,OP1
0,,A,A,113,,SER,A:SER113,B,B,9,,DG,B:DG9,,3.99853318909565,O,OP2
0,,A,A,114,,GLY,A:GLY114,B,B,7,,DA,B:DA7,,7.841785159934455,N,O3'
0,,A,A,114,,GLY,A:GLY114,B,B,8,,5CM,B:5CM8,5mC,4.7403520072667,CA,O3'
0,,A,A,114,,GLY,A:GLY114,B,B,9,,DG,B:DG9,,3.390882615961922,CA,OP2
0,,A,A,115,,ARG,A:ARG115,B,B,8,,5CM,B:5CM8,5mC,6.218838470616139,N,O3'
0,,A,A,115,,ARG,A:ARG115,B,B,9,,DG,B:DG9,,3.994389543389745,N,OP2
0,,A,A,115,,ARG,A:ARG115,B,B,10,,DG,B:DG10,,4.459471735413096,NH1,OP2
0,,A,A,115,,ARG,A:ARG115,C,C,30,,DT,C:DT30,,7.782907175783321,O,C7
0,,A,A,116,,SER,A:SER116,B,B,8,,5CM,B:5CM8,5mC,4.0331698354180325,OG,C2'
0,,A,A,116,,SER,A:SER116,B,B,9,,DG,B:DG9,,3.376653209357583,OG,OP2
0,,A,A,116,,SER,A:SER116,B,B,10,,DG,B:DG10,,5.82307436761915,CB,N7
0,,A,A,116,,SER,A:SER116,C,C,30,,DT,C:DT30,,7.725375377695495,CB,C7
0,,A,A,116,,SER,A:SER116,C,C,31,,DT,C:DT31,,7.313998277033171,CB,C7
0,,A,A,116,,SER,A:SER116,C,C,32,,DC,C:DC32,,7.049022838604052,CB,N4
0,,A,A,117,,ALA,A:ALA117,B,B,8,,5CM,B:5CM8,5mC,6.570398683384729,CA,OP2
0,,A,A,117,,ALA,A:ALA117,B,B,9,,DG,B:DG9,,6.005922757161841,N,OP2
0,,A,A,118,,GLY,A:GLY118,B,B,8,,5CM,B:5CM8,5mC,7.194950943596095,N,OP2
0,,A,A,119,,LYS,A:LYS119,B,B,8,,5CM,B:5CM8,5mC,6.674540118090711,O,OP2
0,,A,A,119,,LYS,A:LYS119,B,B,10,,DG,B:DG10,,7.631617276272956,CB,O6
0,,A,A,119,,LYS,A:LYS119,C,C,29,,DA,C:DA29,,4.995925426962007,NZ,O3'
0,,A,A,119,,LYS,A:LYS119,C,C,30,,DT,C:DT30,,2.9159635077892636,NZ,OP2
0,,A,A,119,,LYS,A:LYS119,C,C,31,,DT,C:DT31,,6.134111807603954,CB,C7
0,,A,A,119,,LYS,A:LYS119,C,C,32,,DC,C:DC32,,7.126597673414343,CB,N4
0,,A,A,120,,TYR,A:TYR120,B,B,8,,5CM,B:5CM8,5mC,7.430794299626862,C,C5A
0,,A,A,120,,TYR,A:TYR120,C,C,30,,DT,C:DT30,,6.943485752234592,O,C2'
0,,A,A,120,,TYR,A:TYR120,C,C,31,,DT,C:DT31,,5.906355663485115,O,C7
0,,A,A,120,,TYR,A:TYR120,C,C,32,,DC,C:DC32,,6.002304566262417,O,N4
0,,A,A,121,,ASP,A:ASP121,B,B,7,,DA,B:DA7,,5.7201287431356045,OD2,C2'
0,,A,A,121,,ASP,A:ASP121,B,B,8,,5CM,B:5CM8,5mC,3.476459987310406,OD2,C5A
0,,A,A,121,,ASP,A:ASP121,B,B,9,,DG,B:DG9,,4.5147193320430095,OD1,O6
0,,A,A,121,,ASP,A:ASP121,B,B,10,,DG,B:DG10,,5.875125515585175,OD1,O6
0,,A,A,121,,ASP,A:ASP121,C,C,31,,DT,C:DT31,,6.317659534148549,OD1,C7
0,,A,A,121,,ASP,A:ASP121,C,C,32,,DC,C:DC32,,3.9784639000069557,OD1,N4
0,,A,A,121,,ASP,A:ASP121,C,C,33,,5CM,C:5CM33,5mC,4.372581505052108,OD1,N4
0,,A,A,121,,ASP,A:ASP121,C,C,34,,DG,C:DG34,,6.9408760528753275,OD1,O6
0,,A,A,122,,VAL,A:VAL122,B,B,8,,5CM,B:5CM8,5mC,7.858720382249051,N,C5A
0,,A,A,122,,VAL,A:VAL122,C,C,31,,DT,C:DT31,,5.495838477098557,CG2,OP2
0,,A,A,122,,VAL,A:VAL122,C,C,32,,DC,C:DC32,,6.493093831652916,N,C5
0,,A,A,122,,VAL,A:VAL122,C,C,33,,5CM,C:5CM33,5mC,6.366997825700136,O,C5A
0,,A,A,123,,TYR,A:TYR123,B,B,6,,DA,B:DA6,,5.0398862075977675,OH,C2'
0,,A,A,123,,TYR,A:TYR123,B,B,7,,DA,B:DA7,,4.109213063283793,OH,N7
0,,A,A,123,,TYR,A:TYR123,B,B,8,,5CM,B:5CM8,5mC,4.090601821526101,OH,C5A
0,,A,A,123,,TYR,A:TYR123,B,B,9,,DG,B:DG9,,7.750241781388631,OH,O6
0,,A,A,123,,TYR,A:TYR123,C,C,33,,5CM,C:5CM33,5mC,6.487189091874117,CE2,C5A
0,,A,A,123,,TYR,A:TYR123,C,C,34,,DG,C:DG34,,6.973797667658504,OH,O6
0,,A,A,125,,ILE,A:ILE125,B,B,6,,DA,B:DA6,,6.566071380206785,CD1,OP1
0,,A,A,129,,GLY,A:GLY129,B,B,5,,DG,B:DG5,,6.410671793187783,O,O3'
0,,A,A,129,,GLY,A:GLY129,B,B,6,,DA,B:DA6,,4.7979864093189315,O,OP1
0,,A,A,130,,LYS,A:LYS130,B,B,4,,DG,B:DG4,,6.951287873672027,CE,O3'
0,,A,A,130,,LYS,A:LYS130,B,B,5,,DG,B:DG5,,4.963731096157548,NZ,OP2
0,,A,A,130,,LYS,A:LYS130,B,B,6,,DA,B:DA6,,6.548382339131622,C,OP2
0,,A,A,131,,ALA,A:ALA131,B,B,5,,DG,B:DG5,,6.636045121256835,CB,O3'
0,,A,A,131,,ALA,A:ALA131,B,B,6,,DA,B:DA6,,4.450004577790811,CB,OP2
0,,A,A,132,,PHE,A:PHE132,B,B,6,,DA,B:DA6,,7.329675212871215,N,OP2
0,,A,A,132,,PHE,A:PHE132,C,C,33,,5CM,C:5CM33,5mC,6.993715379033054,C,C5A
0,,A,A,133,,ARG,A:ARG133,B,B,6,,DA,B:DA6,,6.29144751927387,NH2,N6
0,,A,A,133,,ARG,A:ARG133,B,B,7,,DA,B:DA7,,3.4696929485170123,NH2,N6
0,,A,A,133,,ARG,A:ARG133,B,B,8,,5CM,B:5CM8,5mC,3.5307102585630505,NH2,N4
0,,A,A,133,,ARG,A:ARG133,B,B,9,,DG,B:DG9,,6.347987339426781,NH2,O6
0,,A,A,133,,ARG,A:ARG133,C,C,31,,DT,C:DT31,,6.52351366744572,O,C2'
0,,A,A,133,,ARG,A:ARG133,C,C,32,,DC,C:DC32,,4.289719716958334,O,C2'
0,,A,A,133,,ARG,A:ARG133,C,C,33,,5CM,C:5CM33,5mC,3.3399026471102333,NH1,C6
0,,A,A,133,,ARG,A:ARG133,C,C,34,,DG,C:DG34,,2.759856625429581,NH2,O6
0,,A,A,133,,ARG,A:ARG133,C,C,35,,DT,C:DT35,,4.717516958923066,NH2,O4
0,,A,A,133,,ARG,A:ARG133,C,C,36,,DT,C:DT36,,7.783178217008641,NH2,O4
0,,A,A,134,,SER,A:SER134,C,C,31,,DT,C:DT31,,6.630848665824047,CB,O3'
0,,A,A,134,,SER,A:SER134,C,C,32,,DC,C:DC32,,3.821269455845966,CB,C3'
0,,A,A,134,,SER,A:SER134,C,C,33,,5CM,C:5CM33,5mC,2.5310579185972912,OG,OP2
0,,A,A,135,,LYS,A:LYS135,C,C,31,,DT,C:DT31,,7.752399034119125,N,O3'
0,,A,A,135,,LYS,A:LYS135,C,C,32,,DC,C:DC32,,5.410991870107743,N,OP2
0,,A,A,135,,LYS,A:LYS135,C,C,33,,5CM,C:5CM33,5mC,5.468968785410158,N,OP2
0,,A,A,136,,VAL,A:VAL136,C,C,32,,DC,C:DC32,,5.835241887113248,CB,O3'
0,,A,A,136,,VAL,A:VAL136,C,C,33,,5CM,C:5CM33,5mC,3.5196884196252594,CB,OP2
0,,A,A,136,,VAL,A:VAL136,C,C,34,,DG,C:DG34,,7.820031994230813,CG1,OP2
0,,A,A,137,,GLU,A:GLU137,B,B,7,,DA,B:DA7,,7.822044733898854,OE1,N6
0,,A,A,137,,GLU,A:GLU137,C,C,32,,DC,C:DC32,,6.248479851106176,OE1,O3'
0,,A,A,137,,GLU,A:GLU137,C,C,33,,5CM,C:5CM33,5mC,4.559745710707956,CG,OP2
0,,A,A,137,,GLU,A:GLU137,C,C,34,,DG,C:DG34,,6.401991948443036,OE1,N7
0,,A,A,137,,GLU,A:GLU137,C,C,35,,DT,C:DT35,,7.808899839353902,OE1,O4
0,,A,A,138,,LEU,A:LEU138,C,C,33,,5CM,C:5CM33,5mC,7.256765300306073,N,OP2
0,,A,A,140,,MSE,A:MSE140,C,C,32,,DC,C:DC32,,7.392402394177235,CE,O3'
0,,A,A,140,,MSE,A:MSE140,C,C,33,,5CM,C:5CM33,5mC,4.925283267161403,CE,OP2
0,,A,A,140,,MSE,A:MSE140,C,C,34,,DG,C:DG34,,6.726679031855727,CE,OP2
0,,A,A,155,,PHE,A:PHE155,C,C,32,,DC,C:DC32,,7.616652934319366,O,OP2
0,,A,A,156,,ASP,A:ASP156,C,C,31,,DT,C:DT31,,6.714510955866607,OD2,OP1
0,,A,A,156,,ASP,A:ASP156,C,C,32,,DC,C:DC32,,7.046610205773817,C,OP2
0,,A,A,157,,PHE,A:PHE157,C,C,30,,DT,C:DT30,,6.895897888703083,O,O3'
0,,A,A,157,,PHE,A:PHE157,C,C,31,,DT,C:DT31,,4.8325932799227544,O,OP2
0,,A,A,157,,PHE,A:PHE157,C,C,32,,DC,C:DC32,,3.9530246048354996,CB,OP2
0,,A,A,157,,PHE,A:PHE157,C,C,33,,5CM,C:5CM33,5mC,7.800242098732279,CD1,C5A
0,,A,A,158,,THR,A:THR158,B,B,14,,DT,B:DT14,,7.9632170307875585,CG2,O3'
0,,A,A,158,,THR,A:THR158,B,B,15,,DC,B:DC15,,7.29867798045343,CG2,OP1
0,,A,A,158,,THR,A:THR158,C,C,30,,DT,C:DT30,,5.738038904174994,CG2,O3'
0,,A,A,158,,THR,A:THR158,C,C,31,,DT,C:DT31,,3.3640035200327474,CB,OP1
0,,A,A,158,,THR,A:THR158,C,C,32,,DC,C:DC32,,5.702389728282773,N,OP2
0,,A,A,159,,VAL,A:VAL159,C,C,30,,DT,C:DT30,,5.320073965295619,N,O3'
0,,A,A,159,,VAL,A:VAL159,C,C,31,,DT,C:DT31,,3.1871749401718152,N,OP2
0,,A,A,159,,VAL,A:VAL159,C,C,32,,DC,C:DC32,,7.633033111025336,CG2,C5
0,,A,A,160,,THR,A:THR160,B,B,15,,DC,B:DC15,,7.927462524409464,OG1,O3'
0,,A,A,160,,THR,A:THR160,B,B,16,,DT,B:DT16,,7.320657009843084,OG1,OP1
0,,A,A,160,,THR,A:THR160,C,C,30,,DT,C:DT30,,5.806960224996217,CG2,OP1
0,,A,A,160,,THR,A:THR160,C,C,31,,DT,C:DT31,,4.820804073586184,OG1,OP1
0,,A,A,161,,GLY,A:GLY161,C,C,31,,DT,C:DT31,,6.133149935293693,N,OP1
0,,A,A,162,,ARG,A:ARG162,B,B,14,,DT,B:DT14,,7.774294187092719,O,O3'
0,,A,A,162,,ARG,A:ARG162,B,B,15,,DC,B:DC15,,5.983403699803998,O,OP1
0,,A,A,162,,ARG,A:ARG162,B,B,16,,DT,B:DT16,,7.606971645189609,O,OP1
0,,A,A,162,,ARG,A:ARG162,C,C,30,,DT,C:DT30,,7.421277187837237,O,O3'
0,,A,A,162,,ARG,A:ARG162,C,C,31,,DT,C:DT31,,5.39995965501111,O,OP1
