protein_segid,protein_chain,protein_resnum,protein_icode,protein_resname,protein_label,protein_uniprot_resnum,dna_segid,dna_chain,dna_resnum,dna_icode,dna_resname,dna_label,dna_modification,min_distance_A,protein_atom,dna_atom,n_atom_pairs,protein_note
A,A,109,,LYS,A:LYS109,109,B,B,7,,DA,B:DA7,,3.117909709652381,NZ,OP1,8,
A,A,111,,ARG,A:ARG111,111,B,B,8,,5CM,B:5CM8,5mC,3.377896717684725,CA,OP2,23,
A,A,111,,ARG,A:ARG111,111,B,B,9,,DG,B:DG9,,2.5914476703462452,NH2,O6,13,
A,A,111,,ARG,A:ARG111,111,B,B,10,,DG,B:DG10,,4.0548082642602505,NH2,O6,2,
A,A,111,,ARG,A:ARG111,111,C,C,32,,DC,C:DC32,,3.6790818964494174,NH2,N4,1,
A,A,111,,ARG,A:ARG111,111,C,C,33,,5CM,C:5CM33,5mC,4.2606725269392856,NH2,N4,1,
A,A,112,,LYS,A:LYS112,112,B,B,8,,5CM,B:5CM8,5mC,2.83688449828349,N,OP2,13,
A,A,113,,SER,A:SER113,113,B,B,8,,5CM,B:5CM8,5mC,2.629115420055867,OG,OP1,12,
A,A,113,,SER,A:SER113,113,B,B,9,,DG,B:DG9,,3.99853318909565,O,OP2,1,
A,A,114,,GLY,A:GLY114,114,B,B,9,,DG,B:DG9,,3.390882615961922,CA,OP2,5,
A,A,115,,ARG,A:ARG115,115,B,B,9,,DG,B:DG9,,3.994389543389745,N,OP2,1,
A,A,115,,ARG,A:ARG115,115,B,B,10,,DG,B:DG10,,4.459471735413096,NH1,OP2,1,
A,A,116,,SER,A:SER116,116,B,B,8,,5CM,B:5CM8,5mC,4.0331698354180325,OG,C2',1,
A,A,116,,SER,A:SER116,116,B,B,9,,DG,B:DG9,,3.376653209357583,OG,OP2,1,
A,A,119,,LYS,A:LYS119,119,C,C,30,,DT,C:DT30,,2.9159635077892636,NZ,OP2,4,
A,A,121,,ASP,A:ASP121,121,B,B,8,,5CM,B:5CM8,5mC,3.476459987310406,OD2,C5A,3,
A,A,121,,ASP,A:ASP121,121,C,C,32,,DC,C:DC32,,3.9784639000069557,OD1,N4,1,
A,A,121,,ASP,A:ASP121,121,C,C,33,,5CM,C:5CM33,5mC,4.372581505052108,OD1,N4,1,
A,A,123,,TYR,A:TYR123,123,B,B,7,,DA,B:DA7,,4.109213063283793,OH,N7,3,
A,A,123,,TYR,A:TYR123,123,B,B,8,,5CM,B:5CM8,5mC,4.090601821526101,OH,C5A,1,
A,A,131,,ALA,A:ALA131,131,B,B,6,,DA,B:DA6,,4.450004577790811,CB,OP2,1,
A,A,133,,ARG,A:ARG133,133,B,B,7,,DA,B:DA7,,3.4696929485170123,NH2,N6,3,
A,A,133,,ARG,A:ARG133,133,B,B,8,,5CM,B:5CM8,5mC,3.5307102585630505,NH2,N4,1,
A,A,133,,ARG,A:ARG133,133,C,C,32,,DC,C:DC32,,4.289719716958334,O,C2',1,
A,A,133,,ARG,A:ARG133,133,C,C,33,,5CM,C:5CM33,5mC,3.3399026471102333,NH1,C6,22,
A,A,133,,ARG,A:ARG133,133,C,C,34,,DG,C:DG34,,2.759856625429581,NH2,O6,11,
A,A,134,,SER,A:SER134,134,C,C,32,,DC,C:DC32,,3.821269455845966,CB,C3',5,
A,A,134,,SER,A:SER134,134,C,C,33,,5CM,C:5CM33,5mC,2.5310579185972912,OG,OP2,5,
A,A,136,,VAL,A:VAL136,136,C,C,33,,5CM,C:5CM33,5mC,3.5196884196252594,CB,OP2,6,
A,A,157,,PHE,A:PHE157,157,C,C,32,,DC,C:DC32,,3.9530246048354996,CB,OP2,1,
A,A,158,,THR,A:THR158,158,C,C,31,,DT,C:DT31,,3.3640035200327474,CB,OP1,8,
A,A,159,,VAL,A:VAL159,159,C,C,31,,DT,C:DT31,,3.1871749401718152,N,OP2,6,
